gen,best_fitness,best_seq,counts_pos,counts_neg,motif_pen,mgw_mean,roll_var,homorun,shape_pen,syntax_pen
0,-2.5343527793884277,CGAGACCTGAGACAGCGTGGATCTGAAACTAGAAACGGACGTAACCATACGCGCTTTACGTCCGCAATCATCCCTGAGGACTCTTACGGACTAAACTTGTGCACTAACTTGACAATTTGTGCGGGTGACGCTGACACCAATTGAACTCTTAAAATGGACGAGTGTGCGAGGTACGTACTCTTCCTGCGGTCCATCTTAAT,0.0,0.0,1.0,0.6469388008117676,0.022626865655183792,4.0,0.35568806529045105,5.5
1,-2.5343527793884277,CGAGACCTGAGACAGCGTGGATCTGAAACTAGAAACGGACGTAACCATACGCGCTTTACGTCCGCAATCATCCCTGAGGACTCTTACGGACTAAACTTGTGCACTAACTTGACAATTTGTGCGGGTGACGCTGACACCAATTGAACTCTTAAAATGGACGAGTGTGCGAGGTACGTACTCTTCCTGCGGTCCATCTTAAT,0.0,0.0,1.0,0.6469388008117676,0.022626865655183792,4.0,0.35568806529045105,5.5
2,-0.23041796684265137,GGTCTCAGGCGATTCCGACCCATGAAAACTAGAAACGGACGTAACCATACGCGCTTTACGTCCGCAATCATCCCTGAGGACTCTTACGGACTAAACTTGTGCACTAACTTGACAATTTGGGCGGGTGACGCTGACACCAATTGAACTCTTAAAATGGACGAGTGTGCGAGGTACGTACTCATCCTGCGGTCCATCTTAAT,0.0,0.0,1.0,0.630612313747406,0.02257445827126503,4.0,0.37196213006973267,3.0
3,-0.23041796684265137,GGTCTCAGGCGATTCCGACCCATGAAAACTAGAAACGGACGTAACCATACGCGCTTTACGTCCGCAATCATCCCTGAGGACTCTTACGGACTAAACTTGTGCACTAACTTGACAATTTGGGCGGGTGACGCTGACACCAATTGAACTCTTAAAATGGACGAGTGTGCGAGGTACGTACTCATCCTGCGGTCCATCTTAAT,0.0,0.0,1.0,0.630612313747406,0.02257445827126503,4.0,0.37196213006973267,3.0
4,-0.23041796684265137,GGTCTCAGGCGATTCCGACCCATGAAAACTAGAAACGGACGTAACCATACGCGCTTTACGTCCGCAATCATCCCTGAGGACTCTTACGGACTAAACTTGTGCACTAACTTGACAATTTGGGCGGGTGACGCTGACACCAATTGAACTCTTAAAATGGACGAGTGTGCGAGGTACGTACTCATCCTGCGGTCCATCTTAAT,0.0,0.0,1.0,0.630612313747406,0.02257445827126503,4.0,0.37196213006973267,3.0
5,0.2824420928955078,TTCTGGTTGACTCTGTAACCGCCCAACCAATGGGCTGTCCGAGGTTTTACTTCGGTCCCCAGTTGGTCACCTACGAGTTGGGCACGTTCGACTGTGGGCGGAGACAGCCGGTGAGGGCGTGGCTCTAAGGTAGTGCGTTGCTGGGCCTTTCTACTGAAGTTATTTCCTCCCCTCTTGCGAGGTTTCGAGGAGGACTTGGT,0.0,0.0,1.0,0.6387754678726196,0.017329618334770203,4.0,0.36122453212738037,5.0
6,1.2955889701843262,GGTCTCAGGCGATTCCGACCCATGAAAACTAGAAACGGACGTAAACATAAGCGCTTTACGTCCGCAATCATCCCTGAGGAGGCTATGTTGACTGTGGGCGGAGATTACTTGACAATTTGGGCGGGTGACGCTGACACCAATTGAACTCTTAAAATGGACGAGTGTGCGAGGTACGTACTCATCCTGCGGTCCATCTTAAT,0.0,0.0,1.0,0.6061224937438965,0.02275850810110569,4.0,0.3966360092163086,3.0
7,1.5820627212524414,CGAGGCCTGAGACAGCGTGGATCTGGAACTAGAAACGGACGTAACCATACGCGCTTAACGTCCGCAATAATCAATACGGCACTTGGACGGTCCATATGGTGTCGTCTAGTTACAATTTGGGCGGGTGACGCTGACACCAATTGACCTCTTAATATGGACGAGTGTGCGAGGTACGTACTCATACTGCGGTCCATCTTAAT,0.0,0.0,1.0,0.6142857670783997,0.02375751920044422,3.0,0.38947173953056335,2.0
8,2.1840100288391113,TACTGGTTGACTGTGTAACCGCCCAACCAATTGGCTGTCCGACGAACCAGTTGGGGCACGCACCTATCTGGCCGTCATGTGGCTATGTCGAATGTGGGCGGAGACAGCCGTTGAGGGCGTGGTTGTAATTCCATGCGGAATTGAACTCTTAAAATGGACGAGTGTGCGAGCACCGTACTCTTACTGCCGTCGATCTTAAG,0.0,0.0,1.0,0.6204081773757935,0.022785181179642677,4.0,0.3823769986629486,3.5
9,2.2022056579589844,TACTGGTTGACTGTGTAACCGCCCAACCAATTGGCTGTCCGACGAACCAGTTGGGGCACGCACCTATCTGGCCGTCATGTGGCTATGTCGAAAGTGGGCGGAGACAGCCGTTGAGGGCGTGGTTGTAATTCCATGCGGAATTGAACTCTTAAAATGGACGAGTGTGCGAGCACCGTACTCTTACTGCCGTCGATCTTAAG,0.0,0.0,1.0,0.6204081773757935,0.02252429537475109,4.0,0.3821161091327667,3.5
10,2.502333164215088,GGTCTCAGGATTTTCCGACCCATGAAAACTAGAAACGGACGTAACCCTACGCGCTTTACGTCCGCAATCATCCCTGCGGCATTTGGACGGTCCATATGGTGTCGTCTAGTTTCAATTTGGGCGGGTGACGCTGACACCAATTGACCTCTTAATATGGACGAGTGTGCGAGGTACGTACTCATACTGCGGTCCATCTTAAT,0.0,0.0,1.0,0.6122449636459351,0.02165524661540985,4.0,0.3894102871417999,2.0
11,2.502333164215088,GGTCTCAGGATTTTCCGACCCATGAAAACTAGAAACGGACGTAACCCTACGCGCTTTACGTCCGCAATCATCCCTGCGGCATTTGGACGGTCCATATGGTGTCGTCTAGTTTCAATTTGGGCGGGTGACGCTGACACCAATTGACCTCTTAATATGGACGAGTGTGCGAGGTACGTACTCATACTGCGGTCCATCTTAAT,0.0,0.0,1.0,0.6122449636459351,0.02165524661540985,4.0,0.3894102871417999,2.0
12,2.632660388946533,GGTCTCAGGCGACAGCGTGGATCTGGAACTAGAAACGGACGTAACCATACGCGCTTAACGTCCGCATTAATCAATACGGCACTTAGACGGTCCATATGGCGTCGTCTAGTTACGATTTGGGCGGGTGACGCAGACACCAATTGACCTCTTAATATGGACGAGTGTGCGAGGTACGTACTCATACTGCGGTCCATCTTCAT,0.0,0.0,1.0,0.6224489808082581,0.024484986439347267,3.0,0.3820360004901886,2.0
13,3.21826171875,TACTGTTTAACTTTCCGACCCATGAAAACTAGAAACGGACGTAACCCTACGCGCTTTACGTCCGCAATCATCCCTGCGGCATTTGGACGGTCCATATGGTGTCGTCTGGTTTCAATTTGGGCGGGTGACGCTGACACCAATTGGCCTCTCAATATGGACGAGTGTGCGAGGTACGTACTCATACTGCGGTCCATCTTAAT,0.0,0.0,1.0,0.6122449636459351,0.022486800327897072,4.0,0.3902418315410614,2.0
14,3.5461044311523438,CGTCTCAGGCTATTCCGACCCATGAAAACTAGAAACGGACGTAAACCTACGCGCTTTACGTCCGCCATCATCCCTGCGGCATTTGGACGGTCCATATGGTGTCGTCTAGTTTCAATTTGGGCGGGTGACGCTGACACCAATTGACCTCTTAATATGGACGAGTGTGCGAGGTACGTACTCATACTGCGGTCCATCTTAAA,0.0,0.0,1.0,0.6081633567810059,0.021140940487384796,4.0,0.39297759532928467,2.0
15,3.8686294555664062,CGTCTCAGGCTATTCCGACCCATGAAAACTAGAAACGGACGTAAACCTACGCGCTTTACGTCCGCCATCATCCCAGCGGCATTTGGACGGTCCATATGGTGTCGTCTAGTTTCAATTTGGGCGGGTGACGCTGACACCAATTGACCTCTTAATATGGACGAGTGTGCGAGTTACGTACTCATACTGCGGTCCATCTTAAA,0.0,0.0,1.0,0.6081633567810059,0.02129649557173252,4.0,0.39313313364982605,2.0
16,4.131068706512451,GGTCTCAGGCGACAGCGACCCATGAAAACTAGAAACGGACGTAAACCTACGCGCTTTACGTCCGCCATCATCCCTGCGGCATTTGGACGGTCCATATGGTGTCGTCTGGTTTCAATTTGGGCGGGTGACGCTGACACCAATTGGCTTCTCAATATGGACGAGTGTGCGAGGTACGTACTCATACTGCGGTCCATCTTAAT,0.0,0.0,1.0,0.6183674335479736,0.020914457738399506,4.0,0.3825470209121704,2.0
17,4.131068706512451,GGTCTCAGGCGACAGCGACCCATGAAAACTAGAAACGGACGTAAACCTACGCGCTTTACGTCCGCCATCATCCCTGCGGCATTTGGACGGTCCATATGGTGTCGTCTGGTTTCAATTTGGGCGGGTGACGCTGACACCAATTGGCTTCTCAATATGGACGAGTGTGCGAGGTACGTACTCATACTGCGGTCCATCTTAAT,0.0,0.0,1.0,0.6183674335479736,0.020914457738399506,4.0,0.3825470209121704,2.0
18,4.194594860076904,CGTCTCAGGCTATTCCGACCCATGAAAACTAGAAACGGACGTAAAGCTACGCGCTTTACGTCCGCCATCATCCCTGCGGCATTTGTGTCGAATGTGGGCGGAGATATGGTTTCAATTTGGGCGGGTGACGCTGACACCAATTGGCTTCTCAATATGGACGAGTGTGCGAGGTACGTACTCATACTTCGGTCCATCTTAAT,0.0,0.0,1.0,0.6122449636459351,0.02176918461918831,4.0,0.3895242214202881,2.0
19,4.4591898918151855,GGTCTCAGGCGACAGCGACCCATGAAAACTAGAAACGGACGTAAACCTACGCGCTTTACGTCCGCCATCATCCCTGCGGCATTTGGACGGTCCATATGATGTCGTCTGGTTTCAATTTGGGCGGGTGACGCTGACACCAATTGGCTTCTCAATATGGACGGGTGAGCGAGTTACGTACTCATACTGCGGTCCATCTTCAT,0.0,0.0,1.0,0.6122449040412903,0.020067641511559486,4.0,0.3878227472305298,2.0
20,4.665533065795898,CGTCTCGGCATATTCCGACCCATGAAAACTAGAAACAGACGAACACCTACGCGCTTTACGTCCGCCATCATCCCTGCGGCATTTGTGTCGCATGTGGGCGGAGATATGGTTTCAATTTGGGCGGGTGACGCTGACACCAATTGGCTTCTAAATATGGACGAGTGTGCGAGTTACGTACTCATACTGCGGTCCATCTTAAA,0.0,0.0,1.0,0.5959183573722839,0.020819248631596565,4.0,0.4049008786678314,2.0
21,4.665533065795898,CGTCTCGGCATATTCCGACCCATGAAAACTAGAAACAGACGAACACCTACGCGCTTTACGTCCGCCATCATCCCTGCGGCATTTGTGTCGCATGTGGGCGGAGATATGGTTTCAATTTGGGCGGGTGACGCTGACACCAATTGGCTTCTAAATATGGACGAGTGTGCGAGTTACGTACTCATACTGCGGTCCATCTTAAA,0.0,0.0,1.0,0.5959183573722839,0.020819248631596565,4.0,0.4049008786678314,2.0
22,4.892284393310547,CGTCTCAGGCTATTCCGACCCATCAAAACTAGAAACGGACGTAAACCTAGGCGCTTTACGTCCGCCATCATCCCAGCGGCAATTGGACGGTCCCTATGGTGTCGTCTGGTTTCAATTTGGGCGGGTGACGCTGACACCAATTGGCTTATAAATATGGGCGGGTGAGCGAGTTACATACTCATACTGCGGTCCTTCTTCAT,1.0,0.0,0.0,0.5877551436424255,0.021676989272236824,4.0,0.4139218330383301,1.5
23,5.964568138122559,CGTCTCAGGCTATTCCGACCCATCAAAACTAGAAACGGACGTAAACCTAGGCGCTTTACGTCCGCCATCATCCCAGCGGCAATTGGACGGTCCCTATGGTGTCGTATGGTTTCAATTTGGGCGGGTGACGCTGACACCAATTGGCTTATAAATATGGGCGGGTGAGCGAGTTACGTACTCATACTGCGGTCCATCTTAAT,1.0,0.0,0.0,0.5897959470748901,0.02347060665488243,4.0,0.41367465257644653,1.0
24,5.964568138122559,CGTCTCAGGCTATTCCGACCCATCAAAACTAGAAACGGACGTAAACCTAGGCGCTTTACGTCCGCCATCATCCCAGCGGCAATTGGACGGTCCCTATGGTGTCGTATGGTTTCAATTTGGGCGGGTGACGCTGACACCAATTGGCTTATAAATATGGGCGGGTGAGCGAGTTACGTACTCATACTGCGGTCCATCTTAAT,1.0,0.0,0.0,0.5897959470748901,0.02347060665488243,4.0,0.41367465257644653,1.0
25,5.990879535675049,CGTCTCAGGGTATTCCGACCCATCAAAATTAGAAACGGACGTAAACCTAGGCGCTTTACGTCCGCCATCATCCCAGCGGCAATTGGACGGTCCCTATGGTGTCGTATGGTTTCTATTTGGGCGGGTGACGCTGACACCAATTGGCCTATAAATATGGGCGGGTGAGCGAGTTACGTACTCATACTGCGGTCCATCTTAAT,1.0,0.0,0.0,0.5795918703079224,0.02369995042681694,4.0,0.42410808801651,1.0
26,6.007877349853516,CGTCTCAGGCTATTCCGACCCATGAAAACTAGAAAAGGACGGAAACCTACGCGCTTTACGTCCGCCATCATCCCTGCGGCATTTGCGTCGAATGTGGGCGGAGATATGGTTTCTATTTGGGCGGGTGACGCTGACACCAATTGGCTTATAAATATGGGCGGGTGAGCGAGTTACGTACTCATACTGCGGTCCATCTTAAT,1.0,0.0,0.0,0.5714285969734192,0.022347791120409966,4.0,0.43091920018196106,1.0
27,6.270712375640869,CGTGTCAGGGTATTCCGACCCATCAAAATTAGAAACGGACGTAAACCTAGGCGCTTTACGTCCGCCATCATCCCAGCGGCAATTGGACGGTCCCTATGGTGTCGCATGGTTTCTATTTGGGCGGGTGACGCTGACACCAATTGGCCTATAAATATGGGCGGGTGAGCGAGTTACGTAGTCATACTGCGGTCCATCTTAAC,1.0,0.0,0.0,0.5795918703079224,0.0230226069688797,4.0,0.42343074083328247,1.0
28,6.407718658447266,CGTGTCAGGGTATTCCGACCCATCAAAATTAGAAACGGACGTAAACCTACGCGCTTTACGTCCGCCATCATCCCAGCGGCAATTGGTCGGTCCCTATGGTGTCGCATGGTTTCTATTTGGGCGGGTGACGCTGACACCAATTGGCCTATAAAGATGGGCGGGTGAGCGAGTTACGTAGTCATACTGCGGTCCATCTTAAC,1.0,0.0,0.0,0.5877551436424255,0.023157715797424316,4.0,0.4154025614261627,1.0
29,6.466702938079834,GGTCTCAGGCTATGCCGACCCATGAAAACTAGAAAAGGACGTAAACCTAGGCGCTTTACGTCCGCCATCATCCCAGCGGCAATTGGACGGTCCCTATGGTGACGCATGGTTTCTATTTGGGCGGGTGACGCTGACACCAATTGGCCTATAAATATGGGCGGGTGAGCGAGTTACGTAGTCATACTGCGGTCCATCTTAAC,1.0,0.0,0.0,0.5877551436424255,0.022640977054834366,4.0,0.41488581895828247,1.0
30,6.466702938079834,GGTCTCAGGCTATGCCGACCCATGAAAACTAGAAAAGGACGTAAACCTAGGCGCTTTACGTCCGCCATCATCCCAGCGGCAATTGGACGGTCCCTATGGTGACGCATGGTTTCTATTTGGGCGGGTGACGCTGACACCAATTGGCCTATAAATATGGGCGGGTGAGCGAGTTACGTAGTCATACTGCGGTCCATCTTAAC,1.0,0.0,0.0,0.5877551436424255,0.022640977054834366,4.0,0.41488581895828247,1.0
31,6.521519184112549,AGTCTCAGGCTAGTACAACCTATGAAAACTAGAAAAGGACGTAAACCTAGGCGCTTTACGTCCGCCATCATCCCAGCGGCAATTGGTCGGTCCCTATGGTGACGCATGGTTTCTATTTGGGCGGGTGACGCTGACACCAATTGGCCTATAAATATGGGCGGGTGAGCGAGTTACGTAGTCATACTGCGGTCCATCTTAAC,1.0,0.0,0.0,0.5918367505073547,0.024100489914417267,4.0,0.41226375102996826,1.0
32,6.579456329345703,AGTCTCAGGCTAGTACAACCTATGAAAACTAGAAAAGGACGTAAACCTAGGCGCTTTACGTCCGCCATCATCCCAGAGGCAATTGGTCGGTTCCTATGGTGACGCATGGTTTCTATTTGGGCGGGTGACGCTGACACCAATTGGCCTATAAATATGGGCGGGTGAGCGAGTTACGTAGTCATACTGCGGTCCATCTTGAC,1.0,0.0,0.0,0.6142857074737549,0.023201702162623405,4.0,0.3889159858226776,1.0
33,6.606736660003662,GCTCTAAGGCGACAGTGACTCACGAAAACTAGAAACTGACATCAGCCTACGCGCTTTACGTCCGCCATTATTCCTGCAGCATATGTGTCGAATGTGGGCGGAGATATGGTTTCAATTTGGGCGGGTGACGCTGATACCAATTGGCCTATAAATATGGCCGGCAGAGCGAGTTACGTACTCAAACTGCGGTCCATCTTATT,1.0,0.0,0.0,0.5836735367774963,0.024221329018473625,4.0,0.4205477833747864,1.0
34,6.6675028800964355,GGTCTCAGGCTTTTCCGACACATGAAAACTAGAAAAGCACGGAAACCTGCGCGCTTTACGTCCGCCATCTTCCCTCCGGCCTTTGCGTCGAATGTGGGCGGAGATATGGTTTCTATTTGCGCGGGTGACGCTGACACCAATTGGGCTATAAATATGGGCGGGTGAGCGAGTTACGTCGTCATACTGCGGTCCATCTTAAC,1.0,0.0,0.0,0.56734699010849,0.019353467971086502,4.0,0.43265300989151,1.0
35,6.6675028800964355,GGTCTCAGGCTTTTCCGACACATGAAAACTAGAAAAGCACGGAAACCTGCGCGCTTTACGTCCGCCATCTTCCCTCCGGCCTTTGCGTCGAATGTGGGCGGAGATATGGTTTCTATTTGCGCGGGTGACGCTGACACCAATTGGGCTATAAATATGGGCGGGTGAGCGAGTTACGTCGTCATACTGCGGTCCATCTTAAC,1.0,0.0,0.0,0.56734699010849,0.019353467971086502,4.0,0.43265300989151,1.0
36,6.7201619148254395,AGTCTCAGGCTAGTACAACCGATGAAAACTAGAAAAGGACGTAAACCTAGGCGCTTTACGTCCGCCATCATCCCAGAGGCAATTGGTCGGTTCCTATGGTGACGCATGGTTTCTATTTGGGCGGGTGACGCTGACACCAATTGGCTTATAAATATGGGCGGGTGAGCGAGTTACGTCGTCATACTGCGGTCCATCTTAAC,1.0,0.0,0.0,0.6081633567810059,0.022810960188508034,4.0,0.39464759826660156,1.0
37,6.891643047332764,GGTCTCAGGCTTTTCCGACACATGAAAACTAGAAAAGCACGGAAACTTGCGCGCTTTACGTCCGCCATCTTCCCTCCGGCCTTTGCGTCGAATGTGGGCGGAGATATGGTTTCTATTTGCGCGGGTGACGCTGACACCAATTGGGCTATAAAAATGGGCCGGTGAGCGAGTTACGTCGTCATACTGCGGTCCATCTTAAG,1.0,0.0,0.0,0.56734699010849,0.019327998161315918,5.0,0.43265300989151,1.0
38,6.968204498291016,GGTCTCAGGCTTTTCCGACACATGAAAACTAGAAAAGCACGGCAACTTGCGCCCTTTACGTCCGCCATCTTCCCTCCGGCCTTTGCGTCGAATGTGGGCGGAGATATGGTTTCTATTTGCGCGGGTGACGCTGACACCAATTGGGCTATAAAAATGGGCCGGTGAGCGACTTACGTCGTCATACTGCGGTCCATCTTAAG,1.0,0.0,0.0,0.5653061866760254,0.019360097125172615,5.0,0.4346938133239746,1.0
39,6.968204498291016,GGTCTCAGGCTTTTCCGACACATGAAAACTAGAAAAGCACGGCAACTTGCGCCCTTTACGTCCGCCATCTTCCCTCCGGCCTTTGCGTCGAATGTGGGCGGAGATATGGTTTCTATTTGCGCGGGTGACGCTGACACCAATTGGGCTATAAAAATGGGCCGGTGAGCGACTTACGTCGTCATACTGCGGTCCATCTTAAG,1.0,0.0,0.0,0.5653061866760254,0.019360097125172615,5.0,0.4346938133239746,1.0
40,6.968204498291016,GGTCTCAGGCTTTTCCGACACATGAAAACTAGAAAAGCACGGCAACTTGCGCCCTTTACGTCCGCCATCTTCCCTCCGGCCTTTGCGTCGAATGTGGGCGGAGATATGGTTTCTATTTGCGCGGGTGACGCTGACACCAATTGGGCTATAAAAATGGGCCGGTGAGCGACTTACGTCGTCATACTGCGGTCCATCTTAAG,1.0,0.0,0.0,0.5653061866760254,0.019360097125172615,5.0,0.4346938133239746,1.0
41,7.002499580383301,GGTCTCAGGCTTTTCCGACACATGAAAACTAGAAAAGCACGGCAACTTGCGCCCTTTACGTCCGCCATCTTCCCTCCGGCCTTTGCGTCGAATGTGGGCGGAGACATGGTTTCTATTTGCGCGGGTGACGCTGACACCAATTGGGCTATAAAAATGGGCCGGTGAGCGACTTACGTCGTCATACTGCGGTCCATCTTAAG,1.0,0.0,0.0,0.571428656578064,0.018983060494065285,5.0,0.42857134342193604,1.0
42,7.002499580383301,GGTCTCAGGCTTTTCCGACACATGAAAACTAGAAAAGCACGGCAACTTGCGCCCTTTACGTCCGCCATCTTCCCTCCGGCCTTTGCGTCGAATGTGGGCGGAGACATGGTTTCTATTTGCGCGGGTGACGCTGACACCAATTGGGCTATAAAAATGGGCCGGTGAGCGACTTACGTCGTCATACTGCGGTCCATCTTAAG,1.0,0.0,0.0,0.571428656578064,0.018983060494065285,5.0,0.42857134342193604,1.0
43,7.002499580383301,GGTCTCAGGCTTTTCCGACACATGAAAACTAGAAAAGCACGGCAACTTGCGCCCTTTACGTCCGCCATCTTCCCTCCGGCCTTTGCGTCGAATGTGGGCGGAGACATGGTTTCTATTTGCGCGGGTGACGCTGACACCAATTGGGCTATAAAAATGGGCCGGTGAGCGACTTACGTCGTCATACTGCGGTCCATCTTAAG,1.0,0.0,0.0,0.571428656578064,0.018983060494065285,5.0,0.42857134342193604,1.0
44,7.111778259277344,GGTCTAAGGCTTTTAAGCCCCATGTAAACTAGAAACGGACGTAGAACTAAGCGCGTTACGTCCGCCATATTCCGAGCGGCAAGTGGGCGGGCCCTATGGTGTCGCATGGTTTCTATTTGAGCGGGTGACGCTCATACCAATTGGCCTATAAATATGGCCGGCAGCGCGACTTACGTCGTCATACTGCGGTCCATCTTAAG,1.0,0.0,0.0,0.548979640007019,0.024057751521468163,4.0,0.455078125,1.0
45,7.153409004211426,ACTCTAAGGCTTTTAAGCCCCATGTAAACTAGAAACGGACGCAGAACTAAGCGCGTTACGTCCGCCATATTCCGAGCGGCAAGTGGGCGGGCCCTATGGTGTCGCATGGTTTCTATTTGAGCGGGTGACGCTCATACCAATTGGCCTATAAATATGGCCGGAAGCGCGACCTACGTCGTCATACTGCGGTCCATCTTAAG,1.0,0.0,0.0,0.5571428537368774,0.02339930459856987,4.0,0.44625645875930786,1.0
46,7.287135124206543,CGTGCCAGGCTTTTAAGCCCCATGTAAACTAGAAACGGACGCAGAACTAAGGGCGTTACGTCCGCCATATTCCGAGCGGCAAGTGGGCGGGCCCTATGGTGTCGCATGGTTTCTATTTGAGCGGGTGACGCTCATACCAATTGGCCTATAAATATGGCCGGAAGCGCGACGTACGTCGTCATACTGCGGTCCGTCTTAAG,1.0,0.0,0.0,0.5469387769699097,0.02191518060863018,4.0,0.4549764096736908,1.0
47,7.287135124206543,CGTGCCAGGCTTTTAAGCCCCATGTAAACTAGAAACGGACGCAGAACTAAGGGCGTTACGTCCGCCATATTCCGAGCGGCAAGTGGGCGGGCCCTATGGTGTCGCATGGTTTCTATTTGAGCGGGTGACGCTCATACCAATTGGCCTATAAATATGGCCGGAAGCGCGACGTACGTCGTCATACTGCGGTCCGTCTTAAG,1.0,0.0,0.0,0.5469387769699097,0.02191518060863018,4.0,0.4549764096736908,1.0
48,7.408962249755859,CGTCTCAGGACAATCAAACTCATGTAAACTAGAAACGAACGTAGAACTAAGCGCGTTACGTCCGCCATATTCCGAGCGGCAACTGGGCGGGCCCTGTGGTGTCGCATGGTTTCTATTTGAGCGGGTGACGCTCATACCAATTGGCCTATAAATATGGCCGGAAGCGCGACGTACGTCGTCATACTGCGGTCCGTCTTAAG,1.0,0.0,0.0,0.5714285969734192,0.021679257974028587,3.0,0.4302506744861603,1.0
49,7.42459774017334,GGTCTCATGCTTTGCTGACACAGGAAGAATAGAAAAGCACGGAAACTTGCGCGCTTGACGTCCGCCATCTTCCATCCGGCCTTTGGGCGGGCCCTATGGTGTCGCATGGTTTCTATCTAAGCGGGTGACGCTCATACCAATTGGCCTATAAATATGGCCGGATGCGCGACGTACGTCGTCATTCTACGGTCCGTCTTAAG,1.0,0.0,0.0,0.5959183573722839,0.02102152816951275,4.0,0.4051031768321991,1.0
50,7.42459774017334,GGTCTCATGCTTTGCTGACACAGGAAGAATAGAAAAGCACGGAAACTTGCGCGCTTGACGTCCGCCATCTTCCATCCGGCCTTTGGGCGGGCCCTATGGTGTCGCATGGTTTCTATCTAAGCGGGTGACGCTCATACCAATTGGCCTATAAATATGGCCGGATGCGCGACGTACGTCGTCATTCTACGGTCCGTCTTAAG,1.0,0.0,0.0,0.5959183573722839,0.02102152816951275,4.0,0.4051031768321991,1.0
51,7.5416154861450195,CGTCGCACGCCATTCCGACACATGAAAACTAGAAAAGCACGGAAACTTGCGCTCTTTACGTCCGCCATCTTCCCTCCGGCCTTTGGGCGGGCCCTATGGTGTCGCATGGTTTCTATCTAAGCGGGTGACGCTCATACCAATTGGCCTATAAATATGGCCGGATGCGCGACGTACGTCGTCATATTGCGGTCCATCTTACG,1.0,0.0,0.0,0.5693877935409546,0.021179495379328728,4.0,0.4317916929721832,1.0
52,7.5416154861450195,CGTCGCACGCCATTCCGACACATGAAAACTAGAAAAGCACGGAAACTTGCGCTCTTTACGTCCGCCATCTTCCCTCCGGCCTTTGGGCGGGCCCTATGGTGTCGCATGGTTTCTATCTAAGCGGGTGACGCTCATACCAATTGGCCTATAAATATGGCCGGATGCGCGACGTACGTCGTCATATTGCGGTCCATCTTACG,1.0,0.0,0.0,0.5693877935409546,0.021179495379328728,4.0,0.4317916929721832,1.0
53,8.35921859741211,CGTCGCACGCCATTCCGACACATGAAAACTAGAAAAGCACGGAAACTTCCGGTCTTTCCGTCCGCCATCTTCCCTCCGGCCTTTGGGCGGGCCCTATGGTGTCTCATGGTCTCTATCTAAGCGGGTGACGCTCATACCAATGGGCCTATAAACATGGCCGGAAGCGCGACGTACGTCGTCATTCTAAGGTCCGTCTTAAG,1.0,0.0,0.0,0.5877551436424255,0.019323060289025307,4.0,0.41224485635757446,0.0
54,8.35921859741211,CGTCGCACGCCATTCCGACACATGAAAACTAGAAAAGCACGGAAACTTCCGGTCTTTCCGTCCGCCATCTTCCCTCCGGCCTTTGGGCGGGCCCTATGGTGTCTCATGGTCTCTATCTAAGCGGGTGACGCTCATACCAATGGGCCTATAAACATGGCCGGAAGCGCGACGTACGTCGTCATTCTAAGGTCCGTCTTAAG,1.0,0.0,0.0,0.5877551436424255,0.019323060289025307,4.0,0.41224485635757446,0.0
55,8.35921859741211,CGTCGCACGCCATTCCGACACATGAAAACTAGAAAAGCACGGAAACTTCCGGTCTTTCCGTCCGCCATCTTCCCTCCGGCCTTTGGGCGGGCCCTATGGTGTCTCATGGTCTCTATCTAAGCGGGTGACGCTCATACCAATGGGCCTATAAACATGGCCGGAAGCGCGACGTACGTCGTCATTCTAAGGTCCGTCTTAAG,1.0,0.0,0.0,0.5877551436424255,0.019323060289025307,4.0,0.41224485635757446,0.0
56,8.396910667419434,CGTCGCACGCCATTCCGACACATGAAAACTAGAAAAGCACGGAAACTTCCGGTATTTCCGTCCGCCATCTTCCCTCCGGCCTTTGGGCGGGTCCTATGGTGTCGCATGGTTTCTATCTAAGCTGGTGACGCTCATACCAATTGGCCTATAAATATGGCCGGATGCGCGACGTACGTCGTCATATTGCGGTCCATCTAACG,1.0,0.0,0.0,0.5836734771728516,0.020494751632213593,4.0,0.41682127118110657,0.0
57,8.548757553100586,CGTCGCACGCCATTCCGACACATGAAAACTAGAAAAGCACGGAAACTTCCGGTCTTTCCGTCCGCCATCTTACCTCCGGCATTTGGGCGGGCCCTATTGTGTCATATGGTTTCTATCTAAGGGGATGACGCTCATACCAATTGGCCTATAAATATGGCCGGATGCGCGACGTACGTCGTCATATTGCGGTCCATCTTACG,1.0,0.0,0.0,0.56734699010849,0.0207515936344862,4.0,0.4334045946598053,0.0
58,8.548757553100586,CGTCGCACGCCATTCCGACACATGAAAACTAGAAAAGCACGGAAACTTCCGGTCTTTCCGTCCGCCATCTTACCTCCGGCATTTGGGCGGGCCCTATTGTGTCATATGGTTTCTATCTAAGGGGATGACGCTCATACCAATTGGCCTATAAATATGGCCGGATGCGCGACGTACGTCGTCATATTGCGGTCCATCTTACG,1.0,0.0,0.0,0.56734699010849,0.0207515936344862,4.0,0.4334045946598053,0.0
59,8.6587495803833,CGTCGCACGCCTTTCCGACACATGCAAACTAGAAAAGCACGGAAACTTCCGGTCTTTCCGTCCGCCATCTTACCTCCGGCATTTGGGCGGGCCCTATTGTGTCATATGGCTTCTATCTAAGGGGATGACGCTCATACCAATTGGCCTATAAATATGGCCGGATGCGCGACGTACGTCGTCATATTGCGGGCCATCTTACG,1.0,0.0,0.0,0.5693877935409546,0.021326124668121338,4.0,0.4319383203983307,0.0
60,8.6587495803833,CGTCGCACGCCTTTCCGACACATGCAAACTAGAAAAGCACGGAAACTTCCGGTCTTTCCGTCCGCCATCTTACCTCCGGCATTTGGGCGGGCCCTATTGTGTCATATGGCTTCTATCTAAGGGGATGACGCTCATACCAATTGGCCTATAAATATGGCCGGATGCGCGACGTACGTCGTCATATTGCGGGCCATCTTACG,1.0,0.0,0.0,0.5693877935409546,0.021326124668121338,4.0,0.4319383203983307,0.0
61,8.6587495803833,CGTCGCACGCCTTTCCGACACATGCAAACTAGAAAAGCACGGAAACTTCCGGTCTTTCCGTCCGCCATCTTACCTCCGGCATTTGGGCGGGCCCTATTGTGTCATATGGCTTCTATCTAAGGGGATGACGCTCATACCAATTGGCCTATAAATATGGCCGGATGCGCGACGTACGTCGTCATATTGCGGGCCATCTTACG,1.0,0.0,0.0,0.5693877935409546,0.021326124668121338,4.0,0.4319383203983307,0.0
62,8.6587495803833,CGTCGCACGCCTTTCCGACACATGCAAACTAGAAAAGCACGGAAACTTCCGGTCTTTCCGTCCGCCATCTTACCTCCGGCATTTGGGCGGGCCCTATTGTGTCATATGGCTTCTATCTAAGGGGATGACGCTCATACCAATTGGCCTATAAATATGGCCGGATGCGCGACGTACGTCGTCATATTGCGGGCCATCTTACG,1.0,0.0,0.0,0.5693877935409546,0.021326124668121338,4.0,0.4319383203983307,0.0
63,8.662155151367188,CGTCGCACGCCATTCCGACACATGAAAACTAGAAAAGCACGGAGACTTCCGGTCTTTCCGTCCGCCATCTTACCTCCGGCATTTGGGCGGGCCCTATTGTGTGATATGGTATCTATATGAGCGGGTGACGCTCATACCAATTGGCCTATAAACATGGCCGGACGCGCGCCGTACGTCGCCATATTGCGGTCCATAATACG,1.0,0.0,0.0,0.5346938967704773,0.020744888111948967,4.0,0.46605098247528076,0.0
64,8.683168411254883,CGTCGCACGCCATTCCGACACATTAAAACTAGAGAAGCACGGAGACTTCCGGTCTTTCCGTCCGCCATCTTACCTCCGGCATTTGGGCGGGCCCTATTGTGTGATATGGTATCTATATGAGCGGGTGACGCTCATACCAATTGGCCTATAAACATGGCCGGACGCGCGCCGTACGTCGCCATATTGCGGTCCATAATACG,1.0,0.0,0.0,0.5326530933380127,0.021707408130168915,4.0,0.46905431151390076,0.0
65,8.726070404052734,CGTCGCACGCCTTTCAGACACATGCAAACTAGAAAAGCACGGAAACTTCCGGTCTTTCCGTCCGCCATCTTACCTCCGGCATTTGGGCGGGCCCTATTGTGTCATATGGCTTCTAGCTAAGGGGATGTCTCTCATACCAATTGGCCTATAAATATGGCCGGATGCGCGCCGTACGTCGCCATATTGCGGTCCATAATACG,1.0,0.0,0.0,0.5693877935409546,0.021765727549791336,4.0,0.4323779344558716,0.0
66,8.776448249816895,CGTCGCACGCCTTTCAGACACATGCAAACTAGATAAGCACGGAAACTTCCGGTCTTTCCGTCCGCCATCTTACCTCCGGCATTTGGGCGGGCCCTATTGTGTCATATGGCTTCTAGCTAAGGGGATGTCCCTCATACCAATTGGCCTATAAACATGGCCGGACGCGCGCCGTACGTCGCCATATTGCGGTCCATAATACG,1.0,0.0,0.0,0.563265323638916,0.022328386083245277,4.0,0.43906307220458984,0.0
67,8.786504745483398,CGTCGCACCCCTTTCAGACACATGCAAACTAGATAAGCACGGAAACTTCCGGTCTTTCCGTCCGCCATCTTACCTCCGGCATTTGGGCGGGCCCTATTGTGTCACATGGCTTCTAGCTAAGGGGATGTCCCTCATACCAATTGGCCTATAAACATGGCCGGACGCGCGCCGTACGTCGCCATATTGCGGTCCATAATACG,1.0,0.0,0.0,0.5693877935409546,0.02200828306376934,4.0,0.43262049555778503,0.0
68,8.808050155639648,CGTCGCACGCCTTTCAGACCCATGCAAACTAGAAAAGCACGGAAACTTCCGGTCTTTCCGTCCGCCATCTTACCTCCGGCATTTGGGCGGGCCCTATTGTGTCATATGGCTTCTAGCTAAGGGGTTGTCTCTCATACCAATTGGCCTATAAATATGGCCGGATGCGCGCCGTACGTCGCCATATTGCGGTCCATCTTACG,1.0,0.0,0.0,0.5755102038383484,0.02140587754547596,4.0,0.42589566111564636,0.0
69,8.814290046691895,CGTCGCACCCCTTTCAGACACATGCAAACTAGACAAGCACGGAAACTTCCGGTCTTTCCGTCCGCCATCTTACCTCCGGCATTTGGGCGGGCCCTATTGTGTCACATGGCTTCTAGCTAAGGGGATGTCCCTCATACCAATTGGCCTATAAACATGGCCGGACGCGCGCCGTGCGTCGCCATATTGCGGTCCATAATACG,1.0,0.0,0.0,0.5693877935409546,0.02087649330496788,4.0,0.43148869276046753,0.0
70,8.831849098205566,CGTCGTACGCCTTTCAGACACATGCAAACTAGATAAGCACGGAAACTTCCGGTCTTTCCGTTCGCCATCTTACCTCCGGAAATTGGGCGGGCCCTATTGTGTCACATGGCTTCTAGCTAAGGGGATGTCCCTCATACCAATTGGCCTATAAACATGGCCGGACGCGCGCCGTACGTCGCCATATTGCGGTCCATAATACG,1.0,0.0,0.0,0.5877550840377808,0.022914273664355278,4.0,0.4151591956615448,0.0
71,8.831849098205566,CGTCGTACGCCTTTCAGACACATGCAAACTAGATAAGCACGGAAACTTCCGGTCTTTCCGTTCGCCATCTTACCTCCGGAAATTGGGCGGGCCCTATTGTGTCACATGGCTTCTAGCTAAGGGGATGTCCCTCATACCAATTGGCCTATAAACATGGCCGGACGCGCGCCGTACGTCGCCATATTGCGGTCCATAATACG,1.0,0.0,0.0,0.5877550840377808,0.022914273664355278,4.0,0.4151591956615448,0.0
72,8.903529167175293,CGTCGTACGCCTTTCAGACACATGCAAACTAGATAAGCACGGAAACTTCCGGTCTTTCCGTTCGCCATCTTACCTCCGGAAATTGGGCGGGCCCTATTGTGTCACATGGCTTCTAGCTCAGGGGTTGTCTCTCATACCAATTGGCCTATAAATATGGCCGGATGCGCGCCGTACGTCGCCATATTGCGGTCCTTCTTACG,1.0,0.0,0.0,0.6000000238418579,0.021778654307127,4.0,0.4017786383628845,0.0
73,8.903529167175293,CGTCGTACGCCTTTCAGACACATGCAAACTAGATAAGCACGGAAACTTCCGGTCTTTCCGTTCGCCATCTTACCTCCGGAAATTGGGCGGGCCCTATTGTGTCACATGGCTTCTAGCTCAGGGGTTGTCTCTCATACCAATTGGCCTATAAATATGGCCGGATGCGCGCCGTACGTCGCCATATTGCGGTCCTTCTTACG,1.0,0.0,0.0,0.6000000238418579,0.021778654307127,4.0,0.4017786383628845,0.0
74,8.927684783935547,CGTCGTACGCCTTTCAGACACATGCAAACTAGATAAGCACGGAAACTTCCGGTCTTTCCGTTCGCCATCTTACCTCCGGAAATTGGGCGGGCCCTATTGTGTCACATGGCTTCTAGCTCAGGGGTTGTCTCTCATACCAATTGGCCTATAAATATGGCCGGATGCGCGCCGTACGTCGCCATATTGCGGTCGATCTAACG,1.0,0.0,0.0,0.6000000238418579,0.02283896505832672,4.0,0.40283894538879395,0.0
75,8.927684783935547,CGTCGTACGCCTTTCAGACACATGCAAACTAGATAAGCACGGAAACTTCCGGTCTTTCCGTTCGCCATCTTACCTCCGGAAATTGGGCGGGCCCTATTGTGTCACATGGCTTCTAGCTCAGGGGTTGTCTCTCATACCAATTGGCCTATAAATATGGCCGGATGCGCGCCGTACGTCGCCATATTGCGGTCGATCTAACG,1.0,0.0,0.0,0.6000000238418579,0.02283896505832672,4.0,0.40283894538879395,0.0
76,8.927684783935547,CGTCGTACGCCTTTCAGACACATGCAAACTAGATAAGCACGGAAACTTCCGGTCTTTCCGTTCGCCATCTTACCTCCGGAAATTGGGCGGGCCCTATTGTGTCACATGGCTTCTAGCTCAGGGGTTGTCTCTCATACCAATTGGCCTATAAATATGGCCGGATGCGCGCCGTACGTCGCCATATTGCGGTCGATCTAACG,1.0,0.0,0.0,0.6000000238418579,0.02283896505832672,4.0,0.40283894538879395,0.0
77,8.927684783935547,CGTCGTACGCCTTTCAGACACATGCAAACTAGATAAGCACGGAAACTTCCGGTCTTTCCGTTCGCCATCTTACCTCCGGAAATTGGGCGGGCCCTATTGTGTCACATGGCTTCTAGCTCAGGGGTTGTCTCTCATACCAATTGGCCTATAAATATGGCCGGATGCGCGCCGTACGTCGCCATATTGCGGTCGATCTAACG,1.0,0.0,0.0,0.6000000238418579,0.02283896505832672,4.0,0.40283894538879395,0.0
78,8.927684783935547,CGTCGTACGCCTTTCAGACACATGCAAACTAGATAAGCACGGAAACTTCCGGTCTTTCCGTTCGCCATCTTACCTCCGGAAATTGGGCGGGCCCTATTGTGTCACATGGCTTCTAGCTCAGGGGTTGTCTCTCATACCAATTGGCCTATAAATATGGCCGGATGCGCGCCGTACGTCGCCATATTGCGGTCGATCTAACG,1.0,0.0,0.0,0.6000000238418579,0.02283896505832672,4.0,0.40283894538879395,0.0
79,8.937500953674316,CGTCGCATGCCTTTTGGACACATGCAAACTAGATAAGCACGGAAACTTCCGGTCTTTCAGTTCGCCATCTTACCTCCGGAAATTGGGCGGGCCCTATTGTGTCACATGGTTTCTAGCTCAGGGGTTGTCTCTCATACCAATTGGCTTATAAATATGGCCGGATGCGCGCCGTACGTCGCCATATTGCGGTCGATCTAACG,1.0,0.0,0.0,0.5959184169769287,0.021623507142066956,4.0,0.4057050943374634,0.0
